{"cameraMode":{"drawMode":0,"name":"Shaded","section":"Shading Mode"},"sceneLighting":true,"audioPlay":false,"sceneViewState":{"showFog":true,"showMaterialUpdate":false,"showSkybox":true,"showFlares":true,"showImageEffects":true,"showParticleSystems":true},"in2DMode":false,"pivot":{"x":54.41047286987305,"y":-868.7472534179688,"z":711.009765625},"rotation":{"x":-0.4295288622379303,"y":-0.034661199897527698,"z":0.016515357419848443,"w":-0.902263879776001},"size":1134.0732421875,"orthographic":false}